brandName,aliasKo,aliasJa,aliasEn,categories,nameKo,nameJa,nameEn
3T,쓰리티,スリーティー,3t,bicycle,쓰리티,スリーティー,3T
A Bathing Ape,베이프,ア ベイシング エイプ,bape,apparel,베이프,ア ベイシング エイプ,A Bathing Ape
A. Lange & Söhne,랑에운트죄네,A.ランゲ&ゾーネ,lange,watch,랑에운트죄네,A.ランゲ&ゾーネ,A. Lange & Söhne
A.P.C.,아페쎄,アー・ペー・セー,apc,apparel,아페쎄,アー・ペー・セー,A.P.C.
Acne Studios,아크네스튜디오,アクネ ストゥディオズ,acne,apparel,아크네스튜디오,アクネ ストゥディオズ,Acne Studios
Ader Error,아더에러,アーダーエラー,ader,apparel,아더에러,アーダーエラー,Ader Error
Adidas,아디다스,アディダス,adidas,shoes;apparel,아디다스,アディダス,Adidas
Alan,알란,アラン,alan,bicycle,알란,アラン,Alan
Alden,알든,オールデン,alden,shoes,알든,オールデン,Alden
All-City,올시티,オールシティ,allcity,bicycle,올시티,オールシティ,All-City
Altra,알트라,アルトラ,altra,shoes;hiking,알트라,アルトラ,Altra
Anchor,브리지스톤앵커,ブリヂストンアンカー,anchor;bridgestone anchor,bicycle,브리지스톤앵커,ブリヂストンアンカー,Anchor
And Wander,앤원더,アンドワンダー,andwander,apparel;hiking,앤원더,アンドワンダー,And Wander
Andersson Bell,앤더슨벨,アンダースンベル,andersson bell,apparel,앤더슨벨,アンダースンベル,Andersson Bell
Anker,앤커,アンカー・ジャパン,anker;anker japan,deskterior,앤커,アンカー・ジャパン,Anker
Apple,애플,アップル,apple,deskterior,애플,アップル,Apple
Araya,아라야,アラヤ,araya,bicycle,아라야,アラヤ,Araya
Arc'teryx,아크테릭스,アークテリクス,arcteryx;arc,apparel;hiking,아크테릭스,アークテリクス,Arc'teryx
Arket,아켓,アーケット,arket,apparel,아켓,アーケット,Arket
Asics,아식스,アシックス,asics,shoes;apparel,아식스,アシックス,Asics
Asolo,아솔로,アゾロ,asolo,hiking,아솔로,アゾロ,Asolo
Audemars Piguet,오데마피게,オーデマ・ピゲ,ap;audemars,watch,오데마피게,オーデマ・ピゲ,Audemars Piguet
Auralee,오라리,オーラリー,auralee,apparel,오라리,オーラリー,Auralee
Balenciaga,발렌시아가,バレンシアガ,balenciaga,apparel,발렌시아가,バレンシアガ,Balenciaga
Balolo,발로로,バロロ,balolo,deskterior,발로로,バロロ,Balolo
Baltic,발틱,バルチック,baltic,watch,발틱,バルチック,Baltic
Baracuta,바라쿠타,バラクータ,baracuta,apparel,바라쿠타,バラクータ,Baracuta
Barbour,바버,バブアー,barbour,apparel,바버,バブアー,Barbour
Barebones,베어본즈,ベアボーンズ,barebones,camping,베어본즈,ベアボーンズ,Barebones
Beal,베알,ベアール,beal,hiking,베알,ベアール,Beal
Beams,빔즈,ビームス,beams,apparel,빔즈,ビームス,Beams
Beams Plus,빔즈플러스,ビームスプラス,beams plus,apparel,빔즈플러스,ビームスプラス,Beams Plus
Belkin,벨킨,ベルキン,belkin,deskterior,벨킨,ベルキン,Belkin
Bell & Ross,벨앤로스,ベル&ロス,br;bell ross,watch,벨앤로스,ベル&ロス,Bell & Ross
BenQ,벤큐,ベンキュー,benq,deskterior,벤큐,ベンキュー,BenQ
Berghaus,버그하우스,バーグハウス,berghaus,apparel;hiking,버그하우스,バーグハウス,Berghaus
Bianchi,비앙키,ビアンキ,bianchi,bicycle,비앙키,ビアンキ,Bianchi
Big Agnes,빅아그네스,ビッグアグネス,big agnes,camping,빅아그네스,ビッグアグネス,Big Agnes
Birkenstock,버켄스탁,ビルケンシュトック,birkenstock,shoes,버켄스탁,ビルケンシュトック,Birkenstock
Black Diamond,블랙다이아몬드,ブラックダイヤモンド,blackdiamond,camping;hiking,블랙다이아몬드,ブラックダイヤモンド,Black Diamond
Black Yak,블랙야크,ブラックヤク,blackyak,apparel;hiking,블랙야크,ブラックヤク,Black Yak
Blancpain,블랑팡,ブランパン,blancpain,watch,블랑팡,ブランパン,Blancpain
Blundstone,블런드스톤,ブランドストーン,blundstone,shoes,블런드스톤,ブランドストーン,Blundstone
BMC,비엠씨,BMC,bmc,bicycle,비엠씨,BMC,BMC
Bontrager,본트래거,ボントレガー,bontrager,bicycle,본트래거,ボントレガー,Bontrager
Bottega Veneta,보테가베네타,ボッテガ・ヴェネタ,bottega;bv,apparel,보테가베네타,ボッテガ・ヴェネタ,Bottega Veneta
Breguet,브레게,ブレゲ,breguet,watch,브레게,ブレゲ,Breguet
Breitling,브라이틀링,ブライトリング,breitling,watch,브라이틀링,ブライトリング,Breitling
Bridgestone,브리지스톤,ブリヂストン,bridgestone,bicycle,브리지스톤,ブリヂストン,Bridgestone
Brompton,브롬톤,ブロンプトン,brompton,bicycle,브롬톤,ブロンプトン,Brompton
Brooks,브룩스,ブルックス,Brooks England,bicycle,브룩스,ブルックス,Brooks
Brooks Brothers,브룩스브라더스,ブルックス ブラザーズ,brooks brothers,apparel,브룩스브라더스,ブルックス ブラザーズ,Brooks Brothers
Burberry,버버리,バーバリー,burberry,apparel,버버리,バーバリー,Burberry
C.P. Company,씨피컴퍼니,C.P.カンパニー,cp company,apparel,씨피컴퍼니,C.P.カンパニー,C.P. Company
Cadex,카덱스,カデックス,cadex,bicycle,카덱스,カデックス,Cadex
Campagnolo,캄파뇰로;캄파,カンパニョーロ,campagnolo,bicycle,캄파뇰로,カンパニョーロ,Campagnolo
Cannondale,캐논데일,キャノンデール,cannondale,bicycle,캐논데일,キャノンデール,Cannondale
Canyon,캐니언,キャニオン,canyon,bicycle,캐니언,キャニオン,Canyon
Captain Stag,캡틴스태그,キャプテンスタッグ,captain stag,camping,캡틴스태그,キャプテンスタッグ,Captain Stag
Carhartt,칼하트,カーハート,carhartt,apparel,칼하트,カーハート,Carhartt
Carhartt WIP,칼하트더블유아이피,カーハートWIP,carhartt wip,apparel,칼하트더블유아이피,カーハートWIP,Carhartt WIP
Cartier,까르띠에,カルティエ,cartier,watch,까르띠에,カルティエ,Cartier
Casio,카시오,カシオ,casio,watch,카시오,カシオ,Casio
Celine,셀린느,セリーヌ,celine,apparel,셀린느,セリーヌ,Celine
Certina,써티나,サーチナ,certina,watch,써티나,サーチナ,Certina
Cervélo,서벨로,サーヴェロ,cervelo,bicycle,서벨로,サーヴェロ,Cervélo
Champion,챔피언,チャンピオン,champion,apparel,챔피언,チャンピオン,Champion
Chapter2,챕터2,チャプター2,chapter2,bicycle,챕터2,チャプター2,Chapter2
Chopard,쇼파드,ショパール,chopard,watch,쇼파드,ショパール,Chopard
Chris King,크리스킹,クリスキング,chrisking;ck,bicycle,크리스킹,クリスキング,Chris King
Christopher Ward,크리스토퍼워드,クリストファー・ウォード,cw,watch,크리스토퍼워드,クリストファー・ウォード,Christopher Ward
Chronoswiss,크로노스위스,クロノスイス,chronoswiss,watch,크로노스위스,クロノスイス,Chronoswiss
Chums,첨스,チャムス,chums,apparel;camping,첨스,チャムス,Chums
Church's,처치스,チャーチ,churchs,shoes,처치스,チャーチ,Church's
Citizen,시티즌,シチズン,citizen,watch,시티즌,シチズン,Citizen
Clarks,클락스,クラークス,clarks,shoes,클락스,クラークス,Clarks
Coleman,콜맨,コールマン,coleman,camping,콜맨,コールマン,Coleman
Colnago,콜나고,コルナゴ,colnago,bicycle,콜나고,コルナゴ,Colnago
Columbia,컬럼비아,コロンビア,columbia,apparel;hiking,컬럼비아,コロンビア,Columbia
Comme des Garçons,꼼데가르송,コム デ ギャルソン,cdg;comme des garcons,apparel,꼼데가르송,コム デ ギャルソン,Comme des Garçons
Common Projects,커먼프로젝트,コモンプロジェクト,cp,shoes,커먼프로젝트,コモンプロジェクト,Common Projects
Continental,콘티넨탈,コンチネンタル,continental,bicycle,콘티넨탈,コンチネンタル,Continental
Converse,컨버스,コンバース,converse,shoes,컨버스,コンバース,Converse
COS,코스,コス,cos,apparel,코스,コス,COS
Covernat,커버낫,カバーナット,covernat,apparel,커버낫,カバーナット,Covernat
Crockett & Jones,크로켓앤존스,クロケット&ジョーンズ,cj;crockett,shoes,크로켓앤존스,クロケット&ジョーンズ,Crockett & Jones
Crocs,크록스,クロックス,crocs,shoes,크록스,クロックス,Crocs
Crust,크러스트,クラスト,crust,bicycle,크러스트,クラスト,Crust
Dahon,다혼,ダホン,dahon,bicycle,다혼,ダホン,Dahon
Danner,다너,ダナー,danner,shoes;hiking,다너,ダナー,Danner
De Rosa,데로사,デローザ,derosa,bicycle,데로사,デローザ,De Rosa
Deda,데다,デダ,deda,bicycle,데다,デダ,Deda
Dell,델,デル,dell,deskterior,델,デル,Dell
Descente,데상트,デサント,descente,apparel,데상트,デサント,Descente
Deuter,도이터,ドイター,deuter,hiking,도이터,ドイター,Deuter
Dickies,디키즈,ディッキーズ,dickies,apparel,디키즈,ディッキーズ,Dickies
Dior,디올,ディオール,dior,apparel,디올,ディオール,Dior
DOD,디오디,DOD,dod,camping,디오디,DOD,DOD
Dr. Martens,닥터마틴,ドクターマーチン,doc martens;dm,shoes;apparel,닥터마틴,ドクターマーチン,Dr. Martens
DT Swiss,디티스위스,ディーティースイス,dtswiss,bicycle,디티스위스,ディーティースイス,DT Swiss
Duckbill,덕빌,ダックビル,duckbill,deskterior,덕빌,ダックビル,Duckbill
Ducky,더키,ダッキー,ducky,deskterior,더키,ダッキー,Ducky
Edelrid,에델리드,エーデルリッド,edelrid,hiking,에델리드,エーデルリッド,Edelrid
Eider,아이더,エイダー,eider,apparel;hiking,아이더,エイダー,Eider
Elgato,엘가토,エルガト,elgato,deskterior,엘가토,エルガト,Elgato
Engineered Garments,엔지니어드가먼츠,エンジニアド ガーメンツ,eg,apparel,엔지니어드가먼츠,エンジニアド ガーメンツ,Engineered Garments
ENVE,엔비,エンヴィ,enve,bicycle,엔비,エンヴィ,ENVE
Everlane,에버레인,エバーレーン,everlane,apparel,에버레인,エバーレーン,Everlane
Exped,엑스페드,エクスペド,exped,camping;hiking,엑스페드,エクスペド,Exped
Factor,팩터,ファクター,factor,bicycle,팩터,ファクター,Factor
Farer,페러,ファーラー,farer,watch,페러,ファーラー,Farer
Felt,펠트,フェルト,felt,bicycle,펠트,フェルト,Felt
Ferrino,페리노,フェリーノ,ferrino,camping;hiking,페리노,フェリーノ,Ferrino
Filson,필슨,フィルソン,filson,apparel,필슨,フィルソン,Filson
Finetrack,파인트랙,ファイントラック,finetrack,apparel;hiking,파인트랙,ファイントラック,Finetrack
Fizan,피잔,フィザン,fizan,hiking,피잔,フィザン,Fizan
Fizik,피직,フィジーク,fizik,bicycle,피직,フィジーク,Fizik
Fjällräven,피엘라벤,フェールラーベン,fjallraven,apparel;camping;hiking,피엘라벤,フェールラーベン,Fjällräven
Fred Perry,프레드페리,フレッドペリー,fred perry,apparel,프레드페리,フレッドペリー,Fred Perry
Frederique Constant,프레드릭콘스탄트,フレデリック・コンスタント,fc,watch,프레드릭콘스탄트,フレデリック・コンスタント,Frederique Constant
Fuji,후지,フジ,fuji bike,bicycle,후지,フジ,Fuji
Fulcrum,풀크럼,フルクラム,fulcrum,bicycle,풀크럼,フルクラム,Fulcrum
G-SHOCK,지샥,Gショック,gshock,watch,지샥,Gショック,G-SHOCK
Gap,갭,ギャップ,gap,apparel,갭,ギャップ,Gap
Gentle Monster,젠틀몬스터,ジェントルモンスター,gentle monster,apparel,젠틀몬스터,ジェントルモンスター,Gentle Monster
Giant,자이언트,ジャイアント,giant,bicycle,자이언트,ジャイアント,Giant
Glashütte Original,글라슈테오리지날,グラスヒュッテ・オリジナル,glashutte,watch,글라슈테오리지날,グラスヒュッテ・オリジナル,Glashütte Original
Goldwin,골드윈,ゴールドウイン,goldwin,apparel;hiking,골드윈,ゴールドウイン,Goldwin
Grand Seiko,그랜드세이코,グランドセイコー,gs;grand seiko,watch,그랜드세이코,グランドセイコー,Grand Seiko
Granite Gear,그래나이트 기어,グラナイトギア,granitegear,hiking,그래나이트 기어,グラナイトギア,Granite Gear
Gregory,그레고리,グレゴリー,gregory,hiking,그레고리,グレゴリー,Gregory
Grivel,그리벨,グリベル,grivel,hiking,그리벨,グリベル,Grivel
Grovemade,그로브메이드,グローブメイド,grovemade,deskterior,그로브메이드,グローブメイド,Grovemade
Gucci,구찌,グッチ,gucci,apparel,구찌,グッチ,Gucci
H&M,에이치앤엠,H&M,hm,apparel,에이치앤엠,H&M,H&M
Haglöfs,하그로프스,ホグロフス,haglofs,apparel;hiking,하그로프스,ホグロフス,Haglöfs
Halios,할리오스,ハリオス,halios,watch,할리오스,ハリオス,Halios
Hamilton,해밀턴,ハミルトン,hamilton,watch,해밀턴,ハミルトン,Hamilton
Hanhart,한하르트,ハンハルト,hanhart,watch,한하르트,ハンハルト,Hanhart
Hanwag,한바크,ハンワグ,hanwag,hiking,한바크,ハンワグ,Hanwag
Helinox,헬리녹스,ヘリノックス,helinox,camping,헬리녹스,ヘリノックス,Helinox
Helly Hansen,헬리한센,ヘリーハンセン,hellyhansen,apparel;hiking,헬리한센,ヘリーハンセン,Helly Hansen
Herman Miller,허먼밀러,ハーマンミラー,herman miller,deskterior,허먼밀러,ハーマンミラー,Herman Miller
Hermès,에르메스,エルメス,hermes,apparel,에르메스,エルメス,Hermès
HHKB,해피해킹,HHKB,happy hacking;pfu,deskterior,해피해킹,HHKB,HHKB
Hilleberg,힐레베르그,ヒルバーグ,hilleberg,camping,힐레베르그,ヒルバーグ,Hilleberg
Hoka,호카,ホカ,hoka;hoka one one,shoes;hiking,호카,ホカ,Hoka
Hope,호프,ホープ,hope,bicycle,호프,ホープ,Hope
Houdini,후디니,フーディニ,houdini,apparel;hiking,후디니,フーディニ,Houdini
Hublot,위블로,ウブロ,hublot,watch,위블로,ウブロ,Hublot
Human Made,휴먼메이드,ヒューマンメイド,human made,apparel,휴먼메이드,ヒューマンメイド,Human Made
Humanscale,휴먼스케일,ヒューマンスケール,humanscale,deskterior,휴먼스케일,ヒューマンスケール,Humanscale
Hunt,헌트,ハント,hunt;huntwheels,bicycle,헌트,ハント,Hunt
Hydro Flask,하이드로플라스크,ハイドロフラスク,hydroflask,camping,하이드로플라스크,ハイドロフラスク,Hydro Flask
Hyperlite Mountain Gear,하이퍼라이트,ハイパーライト,hmg;hyperlite,camping;hiking,하이퍼라이트,ハイパーライト,Hyperlite Mountain Gear
Icebreaker,아이스브레이커,アイスブレーカー,icebreaker,apparel;hiking,아이스브레이커,アイスブレーカー,Icebreaker
Industry Nine,인더스트리나인,インダストリーナイン,industrynine;i9,bicycle,인더스트리나인,インダストリーナイン,Industry Nine
Inov-8,이노브에이트,イノヴェイト,inov8;inov-8,shoes;hiking,이노브에이트,イノヴェイト,Inov-8
Issey Miyake,이세이미야케,イッセイミヤケ,issey,apparel,이세이미야케,イッセイミヤケ,Issey Miyake
Iwatani,이와타니,イワタニ,iwatani,camping,이와타니,イワタニ,Iwatani
IWC,아이더블유씨,IWC,iwc;schaffhausen,watch,아이더블유씨,IWC,IWC
J.Crew,제이크루,J.クルー,jcrew,apparel,제이크루,J.クルー,J.Crew
Jack Wolfskin,잭울프스킨,ジャックウルフスキン,jackwolfskin,apparel;hiking,잭울프스킨,ジャックウルフスキン,Jack Wolfskin
Jaeger-LeCoultre,예거르쿨트르,ジャガー・ルクルト,jlc;jaeger,watch,예거르쿨트르,ジャガー・ルクルト,Jaeger-LeCoultre
Jetboil,제트보일,ジェットボイル,jetboil,camping,제트보일,ジェットボイル,Jetboil
Jil Sander,질샌더,ジル・サンダー,jil sander,apparel,질샌더,ジル・サンダー,Jil Sander
Junghans,융한스,ユンハンス,junghans,watch,융한스,ユンハンス,Junghans
Juun.J,준지,ジュンジ,juunj,apparel,준지,ジュンジ,Juun.J
K2,케이투,K2,k2,apparel;hiking,케이투,K2,K2
Kapital,캐피탈,キャピタル,kapital,apparel,캐피탈,キャピタル,Kapital
Karrimor,카리모어,カリマー,karrimor,hiking,카리모어,カリマー,Karrimor
Keen,킨,キーン,keen,shoes;hiking,킨,キーン,Keen
Keychron,키크론,キークロン,keychron,deskterior,키크론,キークロン,Keychron
Klattermusen,클라터뮤젠,クレッタルムーセン,klattermusen;Klättermusen,apparel;hiking,클라터뮤젠,クレッタルムーセン,Klattermusen
Knot,노트,ノット,knot,watch,노트,ノット,Knot
Kolon Sport,코오롱스포츠,コーロンスポーツ,kolon,apparel;hiking,코오롱스포츠,コーロンスポーツ,Kolon Sport
Komperdell,콤퍼델,コンパーデル,komperdell,hiking,콤퍼델,コンパーデル,Komperdell
Kona,코나,コナ,kona,bicycle,코나,コナ,Kona
Kovea,코베아,コベア,kovea,camping,코베아,コベア,Kovea
Kurono Tokyo,쿠로노도쿄,クロノ東京,kurono,watch,쿠로노도쿄,クロノ東京,Kurono Tokyo
Kzm,카즈미,カズミ,kzm;kazmi,camping,카즈미,カズミ,Kzm
La Sportiva,라 스포르티바,ラ・スポルティバ,lasportiva;la sportiva,hiking,라 스포르티바,ラ・スポルティバ,La Sportiva
Laco,라코,ラコ,laco,watch,라코,ラコ,Laco
Lacoste,라코스테,ラコステ,lacoste,apparel,라코스테,ラコステ,Lacoste
Leki,레키,レキ,leki,hiking,레키,レキ,Leki
Lemaire,르메르,ルメール,lemaire,apparel,르메르,ルメール,Lemaire
Leopold,레오폴드,レオポルド,leopold,deskterior,레오폴드,レオポルド,Leopold
Levi's,리바이스,リーバイス,levis,apparel,리바이스,リーバイス,Levi's
LG,엘지,LG,lg,deskterior,엘지,LG,LG
Lodge,롯지,ロッジ,lodge,camping,롯지,ロッジ,Lodge
Loewe,로에베,ロエベ,loewe,apparel,로에베,ロエベ,Loewe
Logitech,로지텍,ロジクール,logitech;logicool,deskterior,로지텍,ロジクール,Logitech
Logos,로고스,ロゴス,logos,camping,로고스,ロゴス,Logos
Longines,론진,ロンジン,longines,watch,론진,ロンジン,Longines
Look,룩,ルック,look,bicycle,룩,ルック,Look
Louis Vuitton,루이비통,ルイ・ヴィトン,lv;louis vuitton,apparel,루이비통,ルイ・ヴィトン,Louis Vuitton
Lowa,로바,ローバ,lowa,hiking,로바,ローバ,Lowa
Lowe Alpine,로우 알파인,ロウアルパイン,lowealpine,hiking,로우 알파인,ロウアルパイン,Lowe Alpine
Mackintosh,맥킨토시,マッキントッシュ,mackintosh,apparel,맥킨토시,マッキントッシュ,Mackintosh
Magura,마구라,マグラ,magura,bicycle,마구라,マグラ,Magura
Maison Margiela,메종마르지엘라,メゾン マルジェラ,margiela;mm6,shoes,메종마르지엘라,メゾン マルジェラ,Maison Margiela
Mammut,마무트,マムート,mammut,apparel;hiking,마무트,マムート,Mammut
Mardi Mercredi,마르디메크르디,マルディメクルディ,mardi,apparel,마르디메크르디,マルディメクルディ,Mardi Mercredi
Margaret Howell,마가렛호웰,マーガレット・ハウエル,margaret howell,apparel,마가렛호웰,マーガレット・ハウエル,Margaret Howell
Marmot,마모트,マーモット,marmot,apparel;camping;hiking,마모트,マーモット,Marmot
Mavic,마빅,マヴィック,mavic,bicycle,마빅,マヴィック,Mavic
Maxxis,맥시스,マキシス,maxxis,bicycle,맥시스,マキシス,Maxxis
Meindl,마인들,マインドル,meindl,hiking,마인들,マインドル,Meindl
Merida,메리다,メリダ,merida,bicycle,메리다,メリダ,Merida
Merrell,메렐,メレル,merrell,shoes;hiking,메렐,メレル,Merrell
Mido,미도,ミドー,mido,watch,미도,ミドー,Mido
Millet,밀레,ミレー,millet,apparel;hiking,밀레,ミレー,Millet
Minase,미나세,ミナセ,minase,watch,미나세,ミナセ,Minase
Minimal Works,미니멀웍스,ミニマルワークス,minimalworks,camping,미니멀웍스,ミニマルワークス,Minimal Works
Mizuno,미즈노,ミズノ,mizuno,shoes,미즈노,ミズノ,Mizuno
Momotaro Jeans,모모타로진,桃太郎ジーンズ,momotaro,apparel,모모타로진,桃太郎ジーンズ,Momotaro Jeans
Monta,몬타,モンタ,monta,watch,몬타,モンタ,Monta
Montbell,몽벨,モンベル,montbell,apparel;camping;hiking,몽벨,モンベル,Montbell
Mountain Hardwear,마운틴하드웨어,マウンテンハードウェア,mountainhardwear;mhw,apparel;camping;hiking,마운틴하드웨어,マウンテンハードウェア,Mountain Hardwear
MSR,엠에스알,MSR,msr,camping,엠에스알,MSR,MSR
Muji,무인양품,無印良品,muji,apparel,무인양품,無印良品,Muji
Musinsa Standard,무신사스탠다드,ムシンサスタンダード,musinsa standard,apparel,무신사스탠다드,ムシンサスタンダード,Musinsa Standard
Mystery Ranch,미스터리 랜치,ミステリーランチ,mysteryranch,hiking,미스터리 랜치,ミステリーランチ,Mystery Ranch
Nanamica,나나미카,ナナミカ,nanamica,apparel,나나미카,ナナミカ,Nanamica
Nanga,낭가,ナンガ,nanga,apparel;hiking,낭가,ナンガ,Nanga
Nature Hike,네이처하이크,ネイチャーハイク,naturehike,camping,네이처하이크,ネイチャーハイク,Nature Hike
Needles,니들스,ニードルス,needles,apparel,니들스,ニードルス,Needles
Neighborhood,네이버후드,ネイバーフッド,nbhd;neighborhood,apparel,네이버후드,ネイバーフッド,Neighborhood
Nemo,니모,ニーモ,nemo,camping,니모,ニーモ,Nemo
Nepa,네파,ネパ,nepa,apparel;hiking,네파,ネパ,Nepa
New Balance,뉴발란스,ニューバランス,nb;new balance,shoes;apparel,뉴발란스,ニューバランス,New Balance
Newmen,뉴멘,ニューメン,newmen,bicycle,뉴멘,ニューメン,Newmen
Nike,나이키,ナイキ,nike,shoes;apparel,나이키,ナイキ,Nike
Nomos Glashütte,노모스,ノモス,nomos,watch,노모스,ノモス,Nomos Glashütte
Nordisk,노르디스크,ノルディスク,nordisk,camping,노르디스크,ノルディスク,Nordisk
Norrøna,노로나,ノローナ,norrona,apparel;hiking,노로나,ノローナ,Norrøna
NuPhy,뉴파이,ニューファイ,nuphy,deskterior,뉴파이,ニューファイ,NuPhy
Oakywood,오키우드,オーキーウッド,oakywood,deskterior,오키우드,オーキーウッド,Oakywood
Oboz,오보즈,オボズ,oboz,hiking,오보즈,オボズ,Oboz
Ogawa,오가와,小川,ogawa,camping,오가와,小川,Ogawa
Omega,오메가,オメガ,omega,watch,오메가,オメガ,Omega
On,온,オン,on running,shoes,온,オン,On
Onitsuka Tiger,오니츠카타이거,オニツカタイガー,onitsuka,shoes,오니츠카타이거,オニツカタイガー,Onitsuka Tiger
Optimus,옵티머스,オプティマス,optimus,camping,옵티머스,オプティマス,Optimus
Orbea,오르베아,オルベア,orbea,bicycle,오르베아,オルベア,Orbea
Orient,오리엔트,オリエント,orient,watch,오리엔트,オリエント,Orient
Orient Star,오리엔트스타,オリエントスター,orient star,watch,오리엔트스타,オリエントスター,Orient Star
Oris,오리스,オリス,oris,watch,오리스,オリス,Oris
Orslow,오알슬로우,オアスロウ,orslow,apparel,오알슬로우,オアスロウ,Orslow
Ortovox,오르토복스,オルトボックス,ortovox,apparel;hiking,오르토복스,オルトボックス,Ortovox
Osprey,오스프리,オスプレー,osprey,hiking,오스프리,オスプレー,Osprey
Our Legacy,아워레가시,アワーレガシー,our legacy,apparel,아워레가시,アワーレガシー,Our Legacy
Outdoor Research,아웃도어리서치,アウトドアリサーチ,outdoorresearch,apparel;hiking,아웃도어리서치,アウトドアリサーチ,Outdoor Research
Panasonic,파나소닉,パナソニック,panasonic bike,bicycle,파나소닉,パナソニック,Panasonic
Panerai,파네라이,パネライ,panerai,watch,파네라이,パネライ,Panerai
Paraboot,파라부트,パラブーツ,paraboot,shoes,파라부트,パラブーツ,Paraboot
Patagonia,파타고니아,パタゴニア,patagonia;pata,apparel;hiking,파타고니아,パタゴニア,Patagonia
Patek Philippe,파텍필립,パテック・フィリップ,patek;pp,watch,파텍필립,パテック・フィリップ,Patek Philippe
Peak Performance,피크퍼포먼스,ピークパフォーマンス,peakperformance,apparel;hiking,피크퍼포먼스,ピークパフォーマンス,Peak Performance
Pendleton,펜들턴,ペンドルトン,pendleton,apparel,펜들턴,ペンドルトン,Pendleton
Petromax,페트로막스,ペトロマックス,petromax,camping,페트로막스,ペトロマックス,Petromax
Petzl,페츨,ペツル,petzl,camping;hiking,페츨,ペツル,Petzl
Pinarello,피나렐로,ピナレロ,pinarello,bicycle,피나렐로,ピナレロ,Pinarello
Pirelli,피렐리,ピレリ,pirelli,bicycle,피렐리,ピレリ,Pirelli
Prada,프라다,プラダ,prada,apparel,프라다,プラダ,Prada
Primus,프리머스,プリムス,primus,camping,프리머스,プリムス,Primus
Puma,푸마,プーマ,puma,shoes;apparel,푸마,プーマ,Puma
Rab,랩,ラブ,rab,apparel;camping;hiking,랩,ラブ,Rab
Rado,라도,ラドー,rado,watch,라도,ラドー,Rado
Ralph Lauren,랄프로렌,ラルフローレン,ralph lauren;polo,apparel,랄프로렌,ラルフローレン,Ralph Lauren
Razer,레이저,レイザー,razer,deskterior,레이저,レイザー,Razer
Realforce,리얼포스,リアルフォース,realforce,deskterior,리얼포스,リアルフォース,Realforce
Red Wing,레드윙,レッドウィング,redwing,shoes,레드윙,レッドウィング,Red Wing
Reebok,리복,リーボック,reebok,shoes,리복,リーボック,Reebok
Reynolds,레이놀즈,レイノルズ,reynolds,bicycle,레이놀즈,レイノルズ,Reynolds
Ridley,리들리,リドレー,ridley,bicycle,리들리,リドレー,Ridley
Rivendell,리븐델,リブェンデル,rivendell,bicycle,리븐델,リブェンデル,Rivendell
Rocky Mountain,로키마운틴,ロッキーマウンテン,rocky mountain,bicycle,로키마운틴,ロッキーマウンテン,Rocky Mountain
Rolex,롤렉스,ロレックス,rolex,watch,롤렉스,ロレックス,Rolex
Roval,로발,ロヴァール,roval,bicycle,로발,ロヴァール,Roval
Sacai,사카이,サカイ,sacai,apparel,사카이,サカイ,Sacai
Saint Laurent,생로랑,サンローラン,ysl;saint laurent,apparel,생로랑,サンローラン,Saint Laurent
Salewa,살레와,サレワ,salewa,apparel;hiking,살레와,サレワ,Salewa
Salomon,살로몬,サロモン,salomon,shoes;apparel;hiking,살로몬,サロモン,Salomon
Salsa,살사,サルサ,salsa,bicycle,살사,サルサ,Salsa
Samsung,삼성,サムスン,samsung,deskterior,삼성,サムスン,Samsung
Santa Cruz,산타크루즈,サンタクルーズ,santacruz,bicycle,산타크루즈,サンタクルーズ,Santa Cruz
Satechi,사테치,サテチ,satechi,deskterior,사테치,サテチ,Satechi
Scarpa,스카르파,スカルパ,scarpa,hiking,스카르파,スカルパ,Scarpa
Schwalbe,슈발베,シュワルベ,schwalbe,bicycle,슈발베,シュワルベ,Schwalbe
Scott,스캇,スコット,scott,bicycle,스캇,スコット,Scott
Sea to Summit,씨투써밋,シートゥサミット,sts;sea to summit,camping;hiking,씨투써밋,シートゥサミット,Sea to Summit
Seiko,세이코,セイコー,seiko,watch,세이코,セイコー,Seiko
Selle Italia,셀레이탈리아,セライタリア,selleitalia,bicycle,셀레이탈리아,セライタリア,Selle Italia
Shimano,시마노,シマノ,shimano,bicycle,시마노,シマノ,Shimano
Ships,쉽스,シップス,ships,apparel,쉽스,シップス,Ships
Sihoo,시후,シフー,sihoo,deskterior,시후,シフー,Sihoo
Sinn,진,ジン,sinn,watch,진,ジン,Sinn
Smartwool,스마트울,スマートウール,smartwool,apparel;hiking,스마트울,スマートウール,Smartwool
Snow Peak,스노우피크,スノーピーク,snowpeak,apparel;camping,스노우피크,スノーピーク,Snow Peak
Snow Peak Apparel,스노우피크어패럴,スノーピークアパレル,snowpeak apparel,apparel,스노우피크어패럴,スノーピークアパレル,Snow Peak Apparel
SOTO,소토,SOTO,soto,camping,소토,SOTO,SOTO
Spao,스파오,スパオ,spao,apparel,스파오,スパオ,Spao
Specialized,스페셜라이즈드,スペシャライズド,specialized;spesh,bicycle,스페셜라이즈드,スペシャライズド,Specialized
SRAM,스램,スラム,sram,bicycle,스램,スラム,SRAM
Stanley,스탠리,スタンレー,stanley,camping,스탠리,スタンレー,Stanley
Steelcase,스틸케이스,スチールケース,steelcase,deskterior,스틸케이스,スチールケース,Steelcase
SteelSeries,스틸시리즈,スティールシリーズ,steelseries,deskterior,스틸시리즈,スティールシリーズ,SteelSeries
Stone Island,스톤아일랜드,ストーンアイランド,stone island,apparel,스톤아일랜드,ストーンアイランド,Stone Island
Stowa,스토바,ストーヴァ,stowa,watch,스토바,ストーヴァ,Stowa
Studio D'Artisan,스튜디오다르티잔,ステュディオ・ダ・ルチザン,sda,apparel,스튜디오다르티잔,ステュディオ・ダ・ルチザン,Studio D'Artisan
Suicoke,스이코크,スイコック,suicoke,shoes,스이코크,スイコック,Suicoke
Sunspel,선스펠,サンスペル,sunspel,apparel,선스펠,サンスペル,Sunspel
Surly,설리,サーリー,surly,bicycle,설리,サーリー,Surly
Syncros,싱크로스,シンクロス,syncros,bicycle,싱크로스,シンクロス,Syncros
System,시스템,システム,system,apparel,시스템,システム,System
TAG Heuer,태그호이어,タグ・ホイヤー,tag;heuer,watch,태그호이어,タグ・ホイヤー,TAG Heuer
Tent-Mark Designs,텐트마크디자인,テンマクデザイン,tentmark,camping,텐트마크디자인,テンマクデザイン,Tent-Mark Designs
Tern,턴,ターン,tern,bicycle,턴,ターン,Tern
The Flat Head,더플랫헤드,ザ・フラットヘッド,flat head,apparel,더플랫헤드,ザ・フラットヘッド,The Flat Head
The North Face,노스페이스,ザ・ノース・フェイス,tnf;north face,apparel;hiking,노스페이스,ザ・ノース・フェイス,The North Face
Therm-a-Rest,써머레스트,サーマレスト,thermarest,camping,써머레스트,サーマレスト,Therm-a-Rest
Thisisneverthat,디스이즈네버댓,ディスイズネバーザット,tint;thisisneverthat,apparel,디스이즈네버댓,ディスイズネバーザット,Thisisneverthat
Timberland,팀버랜드,ティンバーランド,timberland,shoes;apparel,팀버랜드,ティンバーランド,Timberland
Time,타임,タイム,time bike,bicycle,타임,タイム,Time
Tissot,티쏘,ティソ,tissot,watch,티쏘,ティソ,Tissot
Tommy Hilfiger,타미힐피거,トミー・ヒルフィガー,tommy,apparel,타미힐피거,トミー・ヒルフィガー,Tommy Hilfiger
Topre,토프레,トプレ,topre,deskterior,토프레,トプレ,Topre
Trangia,트랑기아,トランギア,trangia,camping,트랑기아,トランギア,Trangia
Trek,트렉,トレック,trek,bicycle,트렉,トレック,Trek
Treksta,트렉스타,トレクスタ,treksta,hiking,트렉스타,トレクスタ,Treksta
Tudor,튜더,チューダー,tudor,watch,튜더,チューダー,Tudor
Twelve South,트웰브사우스,トゥエルブサウス,twelve south,deskterior,트웰브사우스,トゥエルブサウス,Twelve South
Undercover,언더커버,アンダーカバー,undercover,apparel,언더커버,アンダーカバー,Undercover
Uniflame,유니플레임,ユニフレーム,uniflame,camping,유니플레임,ユニフレーム,Uniflame
Uniqlo,유니클로,ユニクロ,uniqlo,apparel,유니클로,ユニクロ,Uniqlo
United Arrows,유나이티드애로우즈,ユナイテッドアローズ,ua;united arrows,apparel,유나이티드애로우즈,ユナイテッドアローズ,United Arrows
Vacheron Constantin,바쉐론콘스탄틴,ヴァシュロン・コンスタンタン,vc;vacheron,watch,바쉐론콘스탄틴,ヴァシュロン・コンスタンタン,Vacheron Constantin
Vans,반스,ヴァンズ,vans,shoes,반스,ヴァンズ,Vans
Varmilo,바밀로,バーミロ,varmilo,deskterior,바밀로,バーミロ,Varmilo
Vasque,바스크,バスク,vasque,hiking,바스크,バスク,Vasque
Vision,비전,ヴィジョン,vision,bicycle,비전,ヴィジョン,Vision
Visvim,비즈빔,ビズビム,visvim,apparel,비즈빔,ビズビム,Visvim
Warehouse,웨어하우스,ウエアハウス,warehouse;Warehouse & Co.,apparel,웨어하우스,ウエアハウス,Warehouse
Wild Country,와일드컨트리,ワイルドカントリー,wildcountry,hiking,와일드컨트리,ワイルドカントリー,Wild Country
Wilier,윌리에,ウィリエール,wilier;Wilier Triestina,bicycle,윌리에,ウィリエール,Wilier
Winspace,윈스페이스,ウィンスペース,winspace,bicycle,윈스페이스,ウィンスペース,Winspace
Woolrich,울리치,ウールリッチ,woolrich,apparel,울리치,ウールリッチ,Woolrich
Wooting,우팅,ウーティング,wooting,deskterior,우팅,ウーティング,Wooting
Wooyoungmi,우영미,ウ・ヨンミ,wooyoungmi,apparel,우영미,ウ・ヨンミ,Wooyoungmi
Wtaps,더블탭스,ダブルタップス,wtaps,apparel,더블탭스,ダブルタップス,Wtaps
YETI,예티,イエティ,yeti,camping,예티,イエティ,YETI
Yeti Cycles,예티사이클,イエティサイクル,yeti cycles,bicycle,예티사이클,イエティサイクル,Yeti Cycles
Yohji Yamamoto,요지야마모토,ヨウジヤマモト,yohji,apparel,요지야마모토,ヨウジヤマモト,Yohji Yamamoto
Zamberlan,잠발란,ザンバラン,zamberlan,hiking,잠발란,ザンバラン,Zamberlan
Zara,자라,ザラ,zara,apparel,자라,ザラ,Zara
Zenith,제니스,ゼニス,zenith,watch,제니스,ゼニス,Zenith
Zipp,집,ジップ,zipp,bicycle,집,ジップ,Zipp
Zpacks,지팩스,ズィーパックス,zpacks,camping;hiking,지팩스,ズィーパックス,Zpacks
